{"cameraMode":{"drawMode":0,"name":"Shaded","section":"Shading Mode"},"sceneLighting":false,"audioPlay":false,"sceneViewState":{"m_AlwaysRefresh":false,"showFog":true,"showSkybox":false,"showFlares":true,"showImageEffects":true,"showParticleSystems":true,"showVisualEffectGraphs":true,"m_FxEnabled":true},"in2DMode":false,"pivot":{"x":-2.0151426792144777,"y":9.541461944580079,"z":1.3580774068832398},"rotation":{"x":-0.0022059225011616947,"y":0.9663025736808777,"z":-0.2574675679206848,"w":-0.008096911944448948},"size":7.960017204284668,"orthographic":false}