{"cameraMode":{"drawMode":0,"name":"Shaded","section":"Shading Mode"},"sceneLighting":false,"audioPlay":false,"sceneViewState":{"m_AlwaysRefresh":false,"showFog":true,"showSkybox":false,"showFlares":true,"showImageEffects":true,"showParticleSystems":true,"showVisualEffectGraphs":true,"m_FxEnabled":true},"in2DMode":false,"pivot":{"x":-0.6582494378089905,"y":4.179834842681885,"z":1.4681099653244019},"rotation":{"x":0.00841975025832653,"y":-0.9449595212936401,"z":0.3262050747871399,"w":0.024379827082157136},"size":26.365217208862306,"orthographic":false}