{"cameraMode":{"drawMode":0,"name":"Shaded","section":"Shading Mode"},"sceneLighting":false,"audioPlay":false,"sceneViewState":{"m_AlwaysRefresh":false,"showFog":true,"showSkybox":false,"showFlares":true,"showImageEffects":true,"showParticleSystems":true,"showVisualEffectGraphs":true,"m_FxEnabled":true},"in2DMode":false,"pivot":{"x":2.2036447525024416,"y":2.962144136428833,"z":0.18976907432079316},"rotation":{"x":0.05098166689276695,"y":-0.7962467670440674,"z":0.06775994598865509,"w":0.5990300178527832},"size":16.537010192871095,"orthographic":false}