{"cameraMode":{"drawMode":0,"name":"Shaded","section":"Shading Mode"},"sceneLighting":true,"audioPlay":false,"sceneViewState":{"m_AlwaysRefresh":false,"showFog":true,"showSkybox":true,"showFlares":true,"showImageEffects":true,"showParticleSystems":true,"showVisualEffectGraphs":true,"m_FxEnabled":true},"in2DMode":false,"pivot":{"x":10.015923500061036,"y":4.499999046325684,"z":3.7049999237060549},"rotation":{"x":0.5912221670150757,"y":-0.04856932535767555,"z":0.03569962829351425,"w":0.8042728304862976},"size":32.24274444580078,"orthographic":false}