{"cameraMode":{"drawMode":0,"name":"Shaded","section":"Shading Mode"},"sceneLighting":true,"audioPlay":false,"sceneViewState":{"m_AlwaysRefresh":false,"showFog":true,"showSkybox":true,"showFlares":true,"showImageEffects":true,"showParticleSystems":true,"showVisualEffectGraphs":true,"m_FxEnabled":true},"in2DMode":false,"pivot":{"x":11.097844123840332,"y":-2.0967373847961427,"z":41.75380325317383},"rotation":{"x":0.27552369236946108,"y":0.5884705185890198,"z":-0.22310253977775575,"w":0.7266795635223389},"size":83.07878875732422,"orthographic":false}