{"cameraMode":{"drawMode":0,"name":"Shaded","section":"Shading Mode"},"sceneLighting":true,"audioPlay":false,"sceneViewState":{"m_AlwaysRefresh":false,"showFog":true,"showSkybox":true,"showFlares":true,"showImageEffects":true,"showParticleSystems":true,"showVisualEffectGraphs":true,"m_FxEnabled":true},"in2DMode":false,"pivot":{"x":9.518211364746094,"y":5.301278114318848,"z":0.2287578582763672},"rotation":{"x":0.23337672650814057,"y":0.6659061312675476,"z":-0.23211124539375306,"w":0.6695272922515869},"size":18.442779541015626,"orthographic":false}