{"cameraMode":{"drawMode":0,"name":"Shaded","section":"Shading Mode"},"sceneLighting":false,"audioPlay":false,"sceneViewState":{"m_AlwaysRefresh":false,"showFog":true,"showSkybox":false,"showFlares":true,"showImageEffects":true,"showParticleSystems":true,"showVisualEffectGraphs":true,"m_FxEnabled":true},"in2DMode":false,"pivot":{"x":-0.005549411755055189,"y":2.977982521057129,"z":-0.10906004905700684},"rotation":{"x":0.3615238070487976,"y":-0.001399155124090612,"z":0.0005452912882901728,"w":0.9323754906654358},"size":6.337005138397217,"orthographic":false}